{
    "loss": 17.37548065185547,
    "accuracy": 0.4313725531101227
}